benchmark,corr,p
ENVIRONMENT,0.26449651718967193,0.2466043859414893
INTELLIGIBILITY,0.46189170120068335,0.0350374540905131
OVERALL,0.17785110638615875,0.4405350307434478
PROSODY,0.3452787047057294,0.12528312494813615
SPEAKER,0.34658164321405294,0.1237694727339683
pesq,0.11400711947830688,0.6226735412837865
wvmos,0.457331416421551,0.03712021758762979
utmos,0.8501673766810884,1.0628769630155193e-06
