dataset,score
A,4.643888473510742
B,1.9041298925876617
C,1.9400937741711026
D,1.8184492829300107
E,1.9257400234540303
F,1.886693578390848
G,1.8597040559564317
H,1.966962028117407
I,2.0067360486303056
J,1.8463934929597945
K,1.913017993881589
L,1.8967977634498052
M,1.8644227782885234
N,2.0197595357894897
O,1.920275357507524
P,1.9660579973743075
Q,2.0077005057107833
R,1.7229104595524924
S,1.9992684381348746
T,1.7363441089789073
V,1.82353409131368
