dataset,score
A,4.172122024354481
B,3.5017706670110957
C,3.425809487905575
D,3.200133791919576
E,3.155889269230621
F,2.993684712209783
G,3.253227261959442
H,3.046083857518776
I,2.7729691771438367
J,3.8981246132226217
K,3.4264282783870366
L,3.0600179382544455
M,3.269415186263532
N,3.0370212167922763
O,3.324455929846278
P,3.246257300754743
Q,3.1552231175869347
R,2.968867611905028
S,3.494962702727034
T,3.348286121026225
V,3.5253636859623447
