name,WV-MOS
I,3.113483814966111
Q,4.076146897815523
K,4.236946301800864
T,3.9203627677190873
O,4.19974471557708
E,3.942691820008414
S,4.201545729523613
R,4.07083941641308
M,4.157927618140266
H,4.262490176019215
A,4.042190829912822
N,3.5241800007366
F,4.122383747782026
C,4.182719994158972
P,4.126371633438837
D,3.778180040064312
L,4.130748561450413
J,3.9849466397648765
G,4.062998507704053
B,4.141625665483021
V,3.930927256743113
