dataset,score
A,4.042190824236188
B,4.141625665483021
C,4.182719994158972
D,3.778180040064312
E,3.942691820008414
F,4.122383747782026
G,4.062998507704053
H,4.262490176019215
I,3.113483814966111
J,3.9849466397648765
K,4.236946301800864
L,4.130748561450413
M,4.157927618140266
N,3.5241800007366
O,4.19974471557708
P,4.126371633438837
Q,4.076146897815523
R,4.070839427766346
S,4.201545729523613
T,3.9203627563658214
V,3.930927256743113
