benchmark,corr,p
ENVIRONMENT,0.7857142857142858,0.020815127253525276
INTELLIGIBILITY,-0.1666666666666667,0.693238811728395
OVERALL,0.4523809523809524,0.260404767436885
PROSODY,0.4523809523809524,0.260404767436885
SPEAKER,0.0,1.0
pesq,0.8095238095238096,0.014902667686230067
wvmos,0.7380952380952381,0.03655276105286081
utmos,0.4761904761904762,0.23293553465009798
kaldi,-0.30952380952380953,0.4556448907375822
