benchmark,corr,p
ENVIRONMENT,-0.19047619047619052,0.6514014957024814
INTELLIGIBILITY,0.07142857142857144,0.8665262706759088
OVERALL,0.19047619047619052,0.6514014957024814
PROSODY,0.5000000000000001,0.20703124999999997
SPEAKER,0.4761904761904762,0.23293553465009798
wvmos,0.11904761904761905,0.7788857260523797
utmos,0.19047619047619052,0.6514014957024814
