benchmark,corr,p
Hubert,0.406060606060606,0.24428229408662638
HubertToken,0.34545454545454546,0.32822651147136733
MPM,0.12727272727272726,0.7260570147627894
Pitch,0.1515151515151515,0.6760651759978538
WeSpeaker,0.18787878787878787,0.603217610029209
Allosaurus,-0.33333333333333326,0.34659350708733405
Wav2Vec2 WER,-0.18787878787878787,0.603217610029209
Whisper WER,-0.11515151515151514,0.7514196523258483
wvmos,-0.11515151515151514,0.7514196523258483
utmos,-0.06666666666666665,0.8548130882487426
