benchmark,corr,p
Hubert,0.16666666666666669,0.668231040071504
HubertToken,0.21666666666666667,0.5755148957119259
MFCC,0.45,0.22421610749233659
MPM,0.39999999999999997,0.2861051019083129
Pitch,0.39999999999999997,0.2861051019083129
WeSpeaker,0.45,0.22421610749233659
Wav2Vec2 WER,-0.33333333333333337,0.3807131816768634
Whisper WER,0.25,0.5164895523012263
wvmos,0.09999999999999999,0.797971695234851
utmos,0.13333333333333333,0.7323675052362975
